{"metadata":{"asset_id":"015a3b59-e075-48a8-b534-75562efb3a36","asset_attributes":["data_asset"],"name":"dataset_desafio_2.csv","asset_type":"data_asset","created_at":"2020-08-21T04:29:02Z","description":"","origin_country":"us","owner_id":"IBMid-5500025XCN","project_id":"d08d5783-19eb-4d60-9bc8-f269cba3dd9c","size":1520235,"tags":[],"usage":{"last_update_time":1597984143318,"last_updated_at":"2020-08-21T04:29:03Z"}},"entity":{"data_asset":{"mime_type":"text/csv","dataset":false}},"attachments":[{"id":"a28a61ef-f135-469b-be97-c42ddca502b3","version":2,"asset_type":"data_asset","name":"dataset_desafio_2.csv","mime":"text/csv","datasource_type":"193a97c1-4475-4a19-b90c-295c4fdc6517","object_key":"dataset_desafio_2.csv","creator_id":"iam-ServiceId-f49c5558-c247-4983-a04f-7d3c7a3d55da","create_time":1597984143204,"size":1520235,"is_remote":false,"is_managed":false,"is_referenced":true,"is_object_key_read_only":false,"is_user_provided_path_key":true,"transfer_complete":true,"is_partitioned":false,"complete_time_ticks":1597984143204,"user_data":{},"test_doc":0,"handle":{"bucket":"uninassau-donotdelete-pr-xdmoz1ubhoywsm","location":"us-geo","key":"dataset_desafio_2.csv","upload_id":"done","max_part_num":1},"usage":{"access_count":0,"last_accessor_id":"iam-ServiceId-f49c5558-c247-4983-a04f-7d3c7a3d55da","last_access_time":1597984143204}}]}
