{"metadata":{"asset_id":"2f5f05c4-3b95-48fd-be1d-f5a07f7ad4bb","asset_attributes":["notebook"],"name":"parte-2","asset_type":"notebook","created_at":"2020-08-21T04:29:03Z","description":"","origin_country":"us","owner_id":"IBMid-5500025XCN","project_id":"d08d5783-19eb-4d60-9bc8-f269cba3dd9c","size":24880,"tags":["notebook"],"usage":{"last_update_time":1598033545974,"last_updated_at":"2020-08-21T18:12:25Z"}},"entity":{"notebook":{"kernel":{"name":"python3","display_name":"Python 3.6","language":"python"},"originates_from":{"type":"file"},"runtime":{"environment":"conda2py36-d08d5783-19eb-4d60-9bc8-f269cba3dd9c"}}},"attachments":[{"id":"07d64171-08c1-466c-a47e-24c1a28080d9","version":2,"asset_type":"notebook","name":"attachment for notebook 2f5f05c4-3b95-48fd-be1d-f5a07f7ad4bb","description":"attachment for notebook 2f5f05c4-3b95-48fd-be1d-f5a07f7ad4bb","mime":"application/json","datasource_type":"193a97c1-4475-4a19-b90c-295c4fdc6517","object_key":"notebook/parte-2_XvWXXx6YQ.ipynb","creator_id":"iam-ServiceId-9e68bc5f-c5f6-4f6f-8bcf-e57f47b9d1b1","create_time":1597984144419,"size":24880,"is_remote":false,"is_managed":false,"is_referenced":true,"is_object_key_read_only":false,"is_user_provided_path_key":true,"transfer_complete":true,"is_partitioned":false,"complete_time_ticks":1597984144419,"user_data":{},"test_doc":0,"handle":{"bucket":"uninassau-donotdelete-pr-xdmoz1ubhoywsm","location":"us-geo","key":"notebook/parte-2_XvWXXx6YQ.ipynb","upload_id":"done","max_part_num":1},"usage":{"access_count":0,"last_accessor_id":"iam-ServiceId-9e68bc5f-c5f6-4f6f-8bcf-e57f47b9d1b1","last_access_time":1597984144419}}]}
