{"metadata":{"asset_id":"aea99250-30b5-44c9-a335-e3dd28f4e8bf","asset_attributes":["notebook"],"name":"parte-1","asset_type":"notebook","created_at":"2020-08-21T04:29:03Z","description":"","origin_country":"us","owner_id":"IBMid-5500025XCN","project_id":"d08d5783-19eb-4d60-9bc8-f269cba3dd9c","size":24680,"tags":["notebook"],"usage":{"last_update_time":1598035775569,"last_updated_at":"2020-08-21T18:49:35Z"}},"entity":{"notebook":{"kernel":{"name":"python3","display_name":"Python 3.6","language":"python"},"originates_from":{"type":"file"},"runtime":{"environment":"conda2py36-d08d5783-19eb-4d60-9bc8-f269cba3dd9c"}}},"attachments":[{"id":"b7215645-a0a3-48cf-bc9e-4b81e9fdafeb","version":2,"asset_type":"notebook","name":"attachment for notebook aea99250-30b5-44c9-a335-e3dd28f4e8bf","description":"attachment for notebook aea99250-30b5-44c9-a335-e3dd28f4e8bf","mime":"application/json","datasource_type":"193a97c1-4475-4a19-b90c-295c4fdc6517","object_key":"notebook/parte-1_XTm42MgVg.ipynb","creator_id":"iam-ServiceId-9e68bc5f-c5f6-4f6f-8bcf-e57f47b9d1b1","create_time":1597984144415,"size":24680,"is_remote":false,"is_managed":false,"is_referenced":true,"is_object_key_read_only":false,"is_user_provided_path_key":true,"transfer_complete":true,"is_partitioned":false,"complete_time_ticks":1597984144415,"user_data":{},"test_doc":0,"handle":{"bucket":"uninassau-donotdelete-pr-xdmoz1ubhoywsm","location":"us-geo","key":"notebook/parte-1_XTm42MgVg.ipynb","upload_id":"done","max_part_num":1},"usage":{"access_count":0,"last_accessor_id":"iam-ServiceId-9e68bc5f-c5f6-4f6f-8bcf-e57f47b9d1b1","last_access_time":1597984144415}}]}
